id;resultado;indicador;beneficiario
1;program Bouvet Island (Bouvetoya);Auto Loan Account asymmetric Montana;Applications
2;Montenegro;frictionless;Rubber Awesome Frozen Mouse
3;Trinidad and Tobago Dollar;Customer-focused;Shoes Rubber Mall
4;users scalable;transmitting parse infrastructures;matrix Implementation Shirt
5;Mobility;Arizona synthesizing Fresh;override back-end hacking
6;open-source;payment National;HDD
7;Tanzanian Shilling Lights;e-enable Plaza intranet;convergence Idaho customized
8;synthesize Bahrain;Pre-emptive Bouvet Island (Bouvetoya) experiences;Credit Card Account
9;Belize Dollar Bacon;Investment Account Rwanda Customer;Liaison copy program
10;hack Electronics Oklahoma;Cambridgeshire navigate Licensed;Fantastic indexing
